{"stats":{"minecraft:killed":{"alexsmobs:raccoon":1,"creeperoverhaul:snowy_creeper":1,"minecraft:zombie":4},"minecraft:picked_up":{"minecraft:charcoal":2,"minecraft:crafting_table":1,"minecraft:blue_bed":2,"minecraft:dirt":28,"minecraft:bone":4,"minecraft:wheat_seeds":2,"iceandfire:frost_lily":2,"minecraft:spruce_planks":2,"minecraft:stick":2,"iceandfire:dragonbone":7,"projectvibrantjourneys:bark_mushroom":1,"minecraft:spruce_fence":1,"minecraft:porkchop":5,"minecraft:spruce_log":7,"iceandfire:dragon_skull_ice":3,"minecraft:rotten_flesh":8,"minecraft:hay_block":8},"minecraft:used":{"minecraft:spruce_planks":3,"minecraft:dirt":18,"minecraft:crafting_table":2,"minecraft:wooden_axe":63,"minecraft:bread":3,"tombstone:gift":3},"minecraft:mined":{"minecraft:spruce_planks":2,"minecraft:powder_snow":9,"minecraft:crafting_table":1,"projectvibrantjourneys:twigs":2,"minecraft:grass_block":9,"minecraft:spruce_fence":1,"minecraft:campfire":1,"minecraft:tall_grass":2,"minecraft:spruce_leaves":3,"projectvibrantjourneys:fallen_leaves":1,"minecraft:blue_bed":2,"minecraft:hay_block":8,"projectvibrantjourneys:bones":2,"minecraft:spruce_log":8,"minecraft:grass":11,"projectvibrantjourneys:short_grass":13,"minecraft:dirt":24,"minecraft:packed_ice":1,"projectvibrantjourneys:ice_chunks":4,"iceandfire:frost_lily":2},"minecraft:dropped":{"minecraft:cooked_porkchop":2,"minecraft:rotten_flesh":1,"iceandfire:dragon_skull_ice":2,"minecraft:leather_chestplate":1,"tombstone:grave_key":1,"tombstone:grave_dust":1,"minecraft:blue_bed":1},"minecraft:crafted":{"minecraft:cooked_porkchop":3,"minecraft:crafting_table":1,"minecraft:spruce_planks":32,"minecraft:wooden_pickaxe":1,"minecraft:bread":12,"minecraft:air":0,"minecraft:stick":4,"minecraft:wooden_axe":1,"minecraft:wheat":36},"minecraft:custom":{"minecraft:interact_with_furnace":9,"minecraft:mob_kills":6,"minecraft:interact_with_crafting_table":7,"minecraft:interact_with_campfire":2,"minecraft:leave_game":1,"minecraft:time_since_death":1501,"minecraft:climb_one_cm":858,"minecraft:time_since_rest":1409,"minecraft:sprint_one_cm":191038,"minecraft:damage_taken":2249,"minecraft:walk_one_cm":102123,"tombstone:sneak_grave":1,"minecraft:drop":9,"minecraft:damage_dealt":1741,"minecraft:swim_one_cm":18095,"minecraft:talked_to_villager":1,"minecraft:fly_one_cm":433288,"minecraft:player_kills":1,"minecraft:open_chest":5,"minecraft:crouch_one_cm":10649,"minecraft:play_time":55864,"tombstone:undead_killed":4,"minecraft:deaths":9,"minecraft:sneak_time":2619,"minecraft:walk_under_water_one_cm":6362,"minecraft:jump":1520,"minecraft:walk_on_water_one_cm":8393,"minecraft:total_world_time":55864,"minecraft:fall_one_cm":35178},"minecraft:killed_by":{"alexsmobs:froststalker":2,"minecraft:player":1,"minecraft:skeleton":1,"minecraft:spider":2,"minecraft:zombie":2,"iceandfire:sea_serpent":1}},"DataVersion":3465}