{"stats":{"minecraft:crafted":{"minecraft:cooked_porkchop":3,"minecraft:crafting_table":1,"minecraft:spruce_planks":32,"minecraft:stick":4,"minecraft:wooden_pickaxe":1,"minecraft:wooden_axe":1,"minecraft:air":0,"minecraft:bread":12,"minecraft:wheat":36},"minecraft:used":{"minecraft:wooden_axe":63,"minecraft:bread":3,"minecraft:spruce_planks":3,"minecraft:dirt":18,"minecraft:crafting_table":2,"tombstone:gift":3},"minecraft:mined":{"minecraft:hay_block":8,"minecraft:spruce_planks":2,"projectvibrantjourneys:bones":1,"minecraft:spruce_log":8,"minecraft:powder_snow":9,"minecraft:crafting_table":1,"minecraft:grass":11,"projectvibrantjourneys:twigs":2,"minecraft:spruce_fence":1,"minecraft:grass_block":7,"projectvibrantjourneys:short_grass":10,"minecraft:campfire":1,"minecraft:dirt":24,"minecraft:packed_ice":1,"projectvibrantjourneys:ice_chunks":2,"minecraft:tall_grass":2,"iceandfire:frost_lily":2,"minecraft:spruce_leaves":3,"projectvibrantjourneys:fallen_leaves":1,"minecraft:blue_bed":2},"minecraft:killed":{"creeperoverhaul:snowy_creeper":1,"minecraft:zombie":3,"alexsmobs:raccoon":1},"minecraft:dropped":{"tombstone:grave_key":1,"minecraft:cooked_porkchop":2,"tombstone:grave_dust":1,"minecraft:rotten_flesh":1,"iceandfire:dragon_skull_ice":2,"minecraft:blue_bed":1,"minecraft:leather_chestplate":1},"minecraft:custom":{"minecraft:interact_with_furnace":9,"minecraft:time_since_rest":457,"minecraft:sprint_one_cm":163529,"minecraft:damage_taken":1794,"minecraft:walk_one_cm":84547,"tombstone:sneak_grave":1,"minecraft:mob_kills":5,"minecraft:drop":9,"minecraft:damage_dealt":1430,"minecraft:swim_one_cm":12155,"minecraft:talked_to_villager":1,"minecraft:interact_with_crafting_table":7,"minecraft:player_kills":1,"minecraft:fly_one_cm":375335,"minecraft:open_chest":5,"minecraft:interact_with_campfire":2,"minecraft:crouch_one_cm":7786,"minecraft:play_time":50115,"tombstone:undead_killed":3,"minecraft:deaths":7,"minecraft:sneak_time":2135,"minecraft:walk_under_water_one_cm":5666,"minecraft:jump":1302,"minecraft:leave_game":1,"minecraft:walk_on_water_one_cm":7881,"minecraft:time_since_death":2160,"minecraft:climb_one_cm":858,"minecraft:total_world_time":50115,"minecraft:fall_one_cm":27205},"minecraft:killed_by":{"alexsmobs:froststalker":2,"iceandfire:sea_serpent":1,"minecraft:skeleton":1,"minecraft:spider":2,"minecraft:zombie":1},"minecraft:picked_up":{"minecraft:charcoal":2,"minecraft:crafting_table":1,"minecraft:stick":2,"iceandfire:dragonbone":7,"projectvibrantjourneys:bark_mushroom":1,"minecraft:spruce_fence":1,"minecraft:porkchop":5,"minecraft:spruce_log":7,"minecraft:blue_bed":2,"minecraft:dirt":26,"iceandfire:dragon_skull_ice":3,"minecraft:bone":3,"minecraft:rotten_flesh":6,"minecraft:wheat_seeds":2,"minecraft:spruce_planks":2,"iceandfire:frost_lily":2,"minecraft:hay_block":8}},"DataVersion":3465}