{"stats":{"minecraft:custom":{"minecraft:interact_with_furnace":9,"minecraft:mob_kills":6,"minecraft:interact_with_crafting_table":13,"minecraft:open_barrel":1,"minecraft:interact_with_campfire":2,"minecraft:leave_game":2,"minecraft:time_since_death":13322,"minecraft:climb_one_cm":858,"minecraft:time_since_rest":13230,"minecraft:waystone_activated":1,"minecraft:sprint_one_cm":229268,"minecraft:damage_taken":2459,"minecraft:walk_one_cm":163024,"tombstone:sneak_grave":1,"minecraft:drop":11,"minecraft:damage_dealt":1870,"minecraft:swim_one_cm":18095,"minecraft:talked_to_villager":1,"minecraft:fly_one_cm":472677,"minecraft:player_kills":1,"minecraft:open_chest":5,"minecraft:crouch_one_cm":23064,"minecraft:play_time":67685,"tombstone:undead_killed":4,"minecraft:deaths":9,"minecraft:sneak_time":5045,"minecraft:walk_under_water_one_cm":6362,"minecraft:jump":1700,"minecraft:walk_on_water_one_cm":8393,"minecraft:total_world_time":67685,"minecraft:fall_one_cm":40330},"minecraft:killed":{"alexsmobs:raccoon":1,"creeperoverhaul:snowy_creeper":1,"minecraft:zombie":4},"minecraft:dropped":{"alexsmobs:maggot":1,"minecraft:cooked_porkchop":2,"minecraft:rotten_flesh":1,"iceandfire:dragon_skull_ice":2,"minecraft:leather_chestplate":1,"minecraft:spruce_planks":6,"tombstone:grave_key":1,"tombstone:grave_dust":1,"minecraft:blue_bed":1},"minecraft:used":{"minecraft:spruce_planks":3,"minecraft:stick":1,"minecraft:dirt":23,"minecraft:crafting_table":3,"minecraft:wooden_axe":66,"alexsmobs:maggot":1,"minecraft:bread":5,"minecraft:cobblestone":1,"tombstone:gift":3,"minecraft:pumpkin_pie":2},"minecraft:picked_up":{"minecraft:charcoal":2,"minecraft:crafting_table":1,"projectvibrantjourneys:fallen_leaves":1,"minecraft:yellow_candle":1,"minecraft:blue_bed":2,"minecraft:dirt":34,"minecraft:bone":4,"minecraft:gray_carpet":1,"minecraft:wheat_seeds":6,"iceandfire:frost_lily":2,"minecraft:spruce_planks":3,"minecraft:player_head":1,"minecraft:stick":11,"iceandfire:dragonbone":7,"projectvibrantjourneys:bark_mushroom":1,"minecraft:spruce_fence":1,"minecraft:porkchop":6,"minecraft:spruce_log":12,"iceandfire:dragon_skull_ice":3,"minecraft:rotten_flesh":8,"minecraft:hay_block":8,"minecraft:painting":1,"minecraft:bread":2,"alexsmobs:maggot":2,"projectvibrantjourneys:twigs":1,"minecraft:cobblestone":1},"minecraft:killed_by":{"alexsmobs:froststalker":2,"minecraft:player":1,"minecraft:skeleton":1,"minecraft:spider":2,"minecraft:zombie":2,"iceandfire:sea_serpent":1},"minecraft:crafted":{"minecraft:wooden_sword":1,"minecraft:cooked_porkchop":3,"minecraft:crafting_table":2,"minecraft:spruce_planks":52,"minecraft:wooden_pickaxe":2,"minecraft:bread":12,"minecraft:air":0,"minecraft:stick":4,"minecraft:wooden_axe":2,"minecraft:wheat":36},"minecraft:mined":{"minecraft:spruce_planks":2,"minecraft:powder_snow":9,"projectvibrantjourneys:rocks":1,"minecraft:crafting_table":1,"projectvibrantjourneys:twigs":9,"minecraft:grass_block":14,"minecraft:spruce_fence":1,"minecraft:yellow_candle":1,"minecraft:campfire":1,"minecraft:tall_grass":2,"minecraft:spruce_leaves":3,"projectvibrantjourneys:fallen_leaves":2,"minecraft:blue_bed":2,"minecraft:hay_block":8,"projectvibrantjourneys:bones":2,"minecraft:spruce_log":12,"minecraft:grass":13,"supplementaries:stick":2,"minecraft:oak_log":1,"projectvibrantjourneys:short_grass":17,"projectvibrantjourneys:pinecones":1,"minecraft:dirt":25,"minecraft:packed_ice":1,"projectvibrantjourneys:ice_chunks":4,"iceandfire:frost_lily":2}},"DataVersion":3465}