{"stats":{"minecraft:custom":{"minecraft:mob_kills":14,"minecraft:traded_with_villager":1,"minecraft:interact_with_crafting_table":23,"minecraft:interact_with_cartography_table":1,"minecraft:bell_ring":1,"minecraft:interact_with_stonecutter":1,"minecraft:leave_game":5,"minecraft:time_since_death":4002,"minecraft:climb_one_cm":716,"minecraft:time_since_rest":3240,"minecraft:sprint_one_cm":203665,"minecraft:damage_taken":2923,"minecraft:walk_one_cm":261411,"minecraft:drop":24,"minecraft:damage_dealt":4257,"tombstone:cast_on_ally":0,"minecraft:swim_one_cm":25953,"minecraft:fly_one_cm":708338,"minecraft:open_chest":38,"minecraft:crouch_one_cm":5296,"minecraft:play_time":131942,"tombstone:undead_killed":4,"minecraft:deaths":9,"minecraft:sneak_time":1821,"minecraft:walk_under_water_one_cm":2841,"minecraft:jump":1713,"minecraft:interact_with_blast_furnace":2,"minecraft:fall_one_cm":42938,"minecraft:walk_on_water_one_cm":5452,"minecraft:total_world_time":131942,"minecraft:interact_with_smoker":33},"minecraft:killed":{"minecraft:spider":2,"minecraft:iron_golem":1,"minecraft:sheep":3,"minecraft:zombie":3,"minecraft:stray":1,"minecraft:cow":2,"minecraft:enderman":2},"minecraft:dropped":{"minecraft:stone_axe":1,"minecraft:porkchop":2,"minecraft:wheat_seeds":10,"minecraft:rotten_flesh":4,"iceandfire:dragon_skull_ice":1,"minecraft:chainmail_helmet":1,"projectvibrantjourneys:light_brown_bark_mushroom":2,"mca:book_romance":1,"tombstone:grave_key":2,"minecraft:wooden_axe":1,"minecraft:wooden_sword":2,"minecraft:arrow":2,"minecraft:beef":1,"minecraft:wooden_pickaxe":1,"minecraft:white_wool":3,"projectvibrantjourneys:bark_mushroom":4,"minecraft:dandelion":1,"minecraft:redstone":1},"minecraft:used":{"minecraft:stone_sword":67,"minecraft:baked_potato":5,"iceandfire:dragon_skull_ice":2,"minecraft:spruce_planks":7,"minecraft:wooden_pickaxe":3,"minecraft:stone":8,"minecraft:chainmail_helmet":1,"projectvibrantjourneys:icicle":1,"tombstone:scroll_of_preservation":1,"minecraft:dirt":16,"minecraft:crafting_table":8,"minecraft:chainmail_chestplate":1,"minecraft:deepslate_brick_stairs":1,"minecraft:smoker":2,"minecraft:spruce_boat":7,"minecraft:wooden_axe":16,"minecraft:bread":5,"minecraft:grass_block":1,"minecraft:iron_pickaxe":32,"minecraft:iron_boots":1,"minecraft:item_frame":5,"minecraft:stone_axe":41,"minecraft:wooden_sword":6,"minecraft:cobblestone":3,"minecraft:cooked_porkchop":1,"tombstone:gift":1,"minecraft:light_gray_bed":1},"minecraft:picked_up":{"minecraft:crafting_table":1,"minecraft:wheat":20,"projectvibrantjourneys:icicle":1,"projectvibrantjourneys:fallen_leaves":3,"minecraft:leather":1,"minecraft:smoker":4,"tombstone:grave_key":1,"minecraft:dirt":16,"minecraft:string":2,"minecraft:wooden_sword":1,"minecraft:iron_leggings":1,"minecraft:item_frame":6,"minecraft:bone":1,"minecraft:wheat_seeds":71,"minecraft:spruce_planks":3,"minecraft:iron_ingot":4,"minecraft:beef":5,"minecraft:minecart":1,"minecraft:iron_boots":1,"projectvibrantjourneys:light_brown_bark_mushroom":2,"iceandfire:dragonbone":77,"projectvibrantjourneys:bark_mushroom":4,"minecraft:quartz":1,"minecraft:dandelion":2,"minecraft:porkchop":4,"tombstone:grave_dust":1,"minecraft:stripped_spruce_log":6,"minecraft:spruce_sapling":2,"minecraft:blast_furnace":2,"minecraft:grass_block":1,"minecraft:spruce_log":39,"minecraft:redstone":1,"iceandfire:dragon_skull_ice":5,"minecraft:arrow":2,"minecraft:light_gray_bed":1,"minecraft:rotten_flesh":4,"minecraft:spruce_boat":5,"minecraft:stone_axe":1,"minecraft:hay_block":16,"minecraft:netherrack":1,"minecraft:deepslate_brick_stairs":1,"minecraft:mutton":4,"minecraft:white_wool":3,"minecraft:cobblestone":22},"minecraft:killed_by":{"alexsmobs:froststalker":1,"minecraft:zombie":1,"minecraft:enderman":1,"mowziesmobs:frostmaw":2,"alexsmobs:tusklin":1,"dungeonsweaponry:mountaineer":1},"minecraft:crafted":{"minecraft:cooked_beef":4,"minecraft:wooden_sword":1,"minecraft:cooked_porkchop":4,"minecraft:crafting_table":7,"minecraft:spruce_planks":108,"minecraft:wooden_pickaxe":1,"minecraft:baked_potato":43,"minecraft:furnace":1,"minecraft:stone_axe":1,"minecraft:bread":55,"minecraft:cooked_mutton":7,"minecraft:air":0,"minecraft:iron_axe":1,"minecraft:stick":16,"minecraft:iron_pickaxe":1,"minecraft:wooden_axe":1,"minecraft:stone_sword":1,"minecraft:spruce_boat":3,"minecraft:shears":1,"minecraft:wheat":144,"minecraft:smoker":1},"minecraft:mined":{"minecraft:glass_pane":2,"minecraft:smoker":4,"minecraft:powder_snow":11,"minecraft:crafting_table":1,"minecraft:blast_furnace":2,"minecraft:grass_block":16,"minecraft:light_gray_bed":1,"minecraft:redstone_wire":1,"minecraft:nether_quartz_ore":1,"minecraft:tall_grass":2,"minecraft:cobblestone":3,"minecraft:spruce_leaves":10,"minecraft:large_fern":1,"minecraft:hay_block":16,"minecraft:fire":1,"minecraft:wheat":24,"minecraft:spruce_log":42,"minecraft:stripped_spruce_log":5,"minecraft:grass":28,"projectvibrantjourneys:short_grass":12,"minecraft:deepslate_brick_stairs":1,"minecraft:gravel":1,"minecraft:stone":19,"minecraft:netherrack":1}},"DataVersion":3465}