{"stats":{"minecraft:custom":{"minecraft:jump":41,"minecraft:time_since_rest":32414,"minecraft:leave_game":2,"minecraft:play_time":32414,"minecraft:sprint_one_cm":10185,"minecraft:time_since_death":32414,"minecraft:walk_on_water_one_cm":31,"minecraft:walk_one_cm":11822,"minecraft:sneak_time":86,"minecraft:total_world_time":32414,"minecraft:fly_one_cm":239913},"minecraft:picked_up":{"projectvibrantjourneys:fallen_leaves":3,"minecraft:wheat_seeds":10,"minecraft:dandelion":1},"minecraft:used":{"minecraft:stone":8}},"DataVersion":3465}