{"stats":{"minecraft:used":{"minecraft:stone_sword":33,"minecraft:baked_potato":3,"iceandfire:dragon_skull_ice":2,"minecraft:spruce_planks":7,"minecraft:wooden_pickaxe":3,"minecraft:stone":8,"minecraft:chainmail_helmet":1,"projectvibrantjourneys:icicle":1,"minecraft:dirt":16,"minecraft:crafting_table":7,"minecraft:chainmail_chestplate":1,"minecraft:deepslate_brick_stairs":1,"minecraft:smoker":1,"minecraft:spruce_boat":4,"minecraft:wooden_axe":16,"minecraft:bread":5,"minecraft:iron_pickaxe":29,"minecraft:iron_boots":1,"minecraft:item_frame":5,"minecraft:stone_axe":41,"minecraft:wooden_sword":6,"minecraft:cobblestone":3,"minecraft:cooked_porkchop":1,"tombstone:gift":1},"minecraft:crafted":{"minecraft:cooked_beef":4,"minecraft:wooden_sword":1,"minecraft:cooked_porkchop":4,"minecraft:crafting_table":6,"minecraft:spruce_planks":108,"minecraft:wooden_pickaxe":1,"minecraft:baked_potato":43,"minecraft:furnace":1,"minecraft:stone_axe":1,"minecraft:cooked_mutton":7,"minecraft:bread":55,"minecraft:air":0,"minecraft:iron_axe":1,"minecraft:stick":16,"minecraft:iron_pickaxe":1,"minecraft:wooden_axe":1,"minecraft:stone_sword":1,"minecraft:spruce_boat":2,"minecraft:smoker":1,"minecraft:wheat":144},"minecraft:killed":{"minecraft:spider":1,"minecraft:iron_golem":1,"minecraft:sheep":3,"minecraft:zombie":3,"minecraft:stray":1,"minecraft:cow":2,"minecraft:enderman":1},"minecraft:mined":{"minecraft:glass_pane":2,"minecraft:smoker":3,"minecraft:powder_snow":11,"minecraft:crafting_table":1,"minecraft:blast_furnace":2,"minecraft:grass_block":16,"minecraft:redstone_wire":1,"minecraft:light_gray_bed":1,"minecraft:nether_quartz_ore":1,"minecraft:tall_grass":2,"minecraft:cobblestone":3,"minecraft:spruce_leaves":10,"minecraft:hay_block":16,"minecraft:fire":1,"minecraft:wheat":24,"minecraft:spruce_log":42,"minecraft:stripped_spruce_log":5,"minecraft:grass":26,"projectvibrantjourneys:short_grass":10,"minecraft:deepslate_brick_stairs":1,"minecraft:gravel":1,"minecraft:stone":19,"minecraft:netherrack":1},"minecraft:custom":{"minecraft:mob_kills":12,"minecraft:interact_with_cartography_table":1,"minecraft:interact_with_crafting_table":22,"minecraft:bell_ring":1,"minecraft:interact_with_stonecutter":1,"minecraft:leave_game":3,"minecraft:time_since_death":2721,"minecraft:climb_one_cm":716,"minecraft:time_since_rest":2287,"minecraft:sprint_one_cm":158226,"minecraft:damage_taken":2358,"minecraft:walk_one_cm":225404,"minecraft:drop":21,"minecraft:damage_dealt":2557,"minecraft:swim_one_cm":10827,"minecraft:fly_one_cm":586674,"minecraft:open_chest":28,"minecraft:crouch_one_cm":4101,"minecraft:play_time":115046,"tombstone:undead_killed":4,"minecraft:deaths":7,"minecraft:sneak_time":1453,"minecraft:walk_under_water_one_cm":601,"minecraft:jump":1345,"minecraft:interact_with_blast_furnace":2,"minecraft:walk_on_water_one_cm":1203,"minecraft:interact_with_smoker":33,"minecraft:total_world_time":115046,"minecraft:fall_one_cm":34495},"minecraft:dropped":{"minecraft:stone_axe":1,"minecraft:porkchop":2,"minecraft:wheat_seeds":10,"minecraft:rotten_flesh":4,"iceandfire:dragon_skull_ice":1,"projectvibrantjourneys:light_brown_bark_mushroom":1,"mca:book_romance":1,"tombstone:grave_key":2,"minecraft:wooden_axe":1,"minecraft:wooden_sword":2,"minecraft:beef":1,"minecraft:wooden_pickaxe":1,"minecraft:white_wool":3,"projectvibrantjourneys:bark_mushroom":4,"minecraft:redstone":1,"minecraft:dandelion":1},"minecraft:killed_by":{"alexsmobs:froststalker":1,"minecraft:zombie":1,"minecraft:enderman":1,"alexsmobs:tusklin":1,"dungeonsweaponry:mountaineer":1},"minecraft:picked_up":{"minecraft:crafting_table":1,"minecraft:wheat":20,"projectvibrantjourneys:icicle":1,"projectvibrantjourneys:fallen_leaves":3,"minecraft:leather":1,"minecraft:smoker":3,"tombstone:grave_key":1,"minecraft:string":1,"minecraft:dirt":16,"minecraft:wooden_sword":1,"minecraft:iron_leggings":1,"minecraft:item_frame":6,"minecraft:bone":1,"minecraft:wheat_seeds":70,"minecraft:spruce_planks":3,"minecraft:beef":5,"minecraft:iron_ingot":4,"minecraft:minecart":1,"minecraft:iron_boots":1,"projectvibrantjourneys:light_brown_bark_mushroom":2,"iceandfire:dragonbone":50,"projectvibrantjourneys:bark_mushroom":4,"minecraft:quartz":1,"minecraft:dandelion":2,"minecraft:porkchop":4,"minecraft:blast_furnace":2,"minecraft:stripped_spruce_log":6,"minecraft:spruce_sapling":2,"tombstone:grave_dust":1,"minecraft:spruce_log":39,"minecraft:redstone":1,"iceandfire:dragon_skull_ice":4,"minecraft:arrow":2,"minecraft:rotten_flesh":4,"minecraft:light_gray_bed":1,"minecraft:spruce_boat":2,"minecraft:stone_axe":1,"minecraft:hay_block":16,"minecraft:deepslate_brick_stairs":1,"minecraft:netherrack":1,"minecraft:mutton":4,"minecraft:cobblestone":22,"minecraft:white_wool":3}},"DataVersion":3465}