{"stats":{"minecraft:picked_up":{"minecraft:sugar_cane":2},"minecraft:custom":{"minecraft:jump":159,"minecraft:time_since_rest":4156,"minecraft:leave_game":1,"minecraft:damage_taken":141,"minecraft:sprint_one_cm":19069,"minecraft:play_time":4156,"minecraft:walk_on_water_one_cm":516,"minecraft:time_since_death":4156,"minecraft:walk_one_cm":3762,"minecraft:sneak_time":43,"minecraft:total_world_time":4156,"minecraft:walk_under_water_one_cm":92,"minecraft:swim_one_cm":2962,"minecraft:fall_one_cm":4375,"minecraft:fly_one_cm":69176}},"DataVersion":3465}