{"stats":{"minecraft:custom":{"minecraft:time_since_rest":13384,"minecraft:sprint_one_cm":34498,"minecraft:damage_taken":360,"minecraft:walk_one_cm":85804,"minecraft:mob_kills":3,"minecraft:drop":2,"minecraft:damage_dealt":450,"minecraft:swim_one_cm":3875,"minecraft:interact_with_crafting_table":6,"minecraft:fly_one_cm":57466,"minecraft:open_barrel":1,"minecraft:crouch_one_cm":2300,"minecraft:play_time":16979,"minecraft:deaths":1,"minecraft:sneak_time":627,"minecraft:walk_under_water_one_cm":70,"minecraft:interact_with_lectern":1,"minecraft:jump":373,"minecraft:leave_game":1,"minecraft:time_since_death":13666,"minecraft:walk_on_water_one_cm":165,"minecraft:total_world_time":16979,"minecraft:fall_one_cm":9575},"minecraft:killed":{"minecraft:pig":2,"alexsmobs:fly":1},"minecraft:dropped":{"minecraft:porkchop":1,"minecraft:player_head":1},"minecraft:used":{"minecraft:wooden_axe":1,"alexsmobs:maggot":1,"minecraft:dirt":3,"minecraft:porkchop":1,"alexsmobs:animal_dictionary":1,"tombstone:gift":2,"minecraft:pumpkin_pie":2,"minecraft:yellow_candle":3},"minecraft:picked_up":{"minecraft:stick":1,"projectvibrantjourneys:fallen_leaves":1,"projectvibrantjourneys:bark_mushroom":1,"minecraft:porkchop":4,"minecraft:oak_log":2,"minecraft:yellow_candle":3,"minecraft:spruce_log":1,"minecraft:dirt":3,"minecraft:gray_carpet":1,"minecraft:spruce_planks":6,"minecraft:player_head":2,"minecraft:spruce_slab":2,"alexsmobs:maggot":1,"minecraft:cobblestone":2},"minecraft:killed_by":{"minecraft:zombie":1},"minecraft:crafted":{"minecraft:oak_planks":4,"minecraft:spruce_planks":4,"minecraft:stick":8,"minecraft:wooden_pickaxe":1,"minecraft:wooden_axe":1},"minecraft:mined":{"minecraft:spruce_log":1,"projectvibrantjourneys:bark_mushroom":1,"minecraft:grass":6,"projectvibrantjourneys:twigs":1,"minecraft:yellow_candle":1,"minecraft:grass_block":3,"minecraft:oak_log":1,"projectvibrantjourneys:short_grass":5,"minecraft:gray_carpet":2,"projectvibrantjourneys:fallen_leaves":1,"minecraft:player_head":2,"minecraft:oak_leaves":1,"minecraft:spruce_slab":1,"minecraft:fern":6}},"DataVersion":3465}