{"stats":{"minecraft:used":{"alexsmobs:animal_dictionary":1},"minecraft:custom":{"minecraft:jump":132,"minecraft:leave_game":1,"minecraft:time_since_rest":2055,"minecraft:walk_on_water_one_cm":165,"minecraft:deaths":1,"minecraft:damage_dealt":192,"minecraft:crouch_one_cm":582,"minecraft:damage_taken":290,"minecraft:sprint_one_cm":7996,"minecraft:play_time":5650,"minecraft:time_since_death":2337,"minecraft:walk_one_cm":19020,"minecraft:sneak_time":100,"minecraft:total_world_time":5650,"minecraft:walk_under_water_one_cm":70,"minecraft:swim_one_cm":3875,"minecraft:fall_one_cm":4920,"minecraft:fly_one_cm":22678},"minecraft:killed_by":{"minecraft:zombie":1}},"DataVersion":3465}