{"stats":{"minecraft:crafted":{"minecraft:cooked_porkchop":3,"minecraft:crafting_table":1,"alexsmobs:cooked_moose_ribs":3,"minecraft:spruce_planks":40,"minecraft:stick":12,"minecraft:wooden_pickaxe":1,"minecraft:stone_pickaxe":1,"minecraft:wooden_axe":1,"minecraft:stone_sword":1,"minecraft:furnace":2,"minecraft:torch":8,"minecraft:stone_axe":1,"minecraft:air":0},"minecraft:used":{"minecraft:wooden_axe":12,"minecraft:stone_sword":18,"minecraft:bread":2,"minecraft:stone_pickaxe":8,"minecraft:spruce_planks":3,"minecraft:wooden_pickaxe":59,"minecraft:gravel":4,"minecraft:rotten_flesh":1,"minecraft:stone_axe":14,"minecraft:torch":2,"minecraft:dirt":4,"minecraft:crafting_table":5,"minecraft:furnace":3,"minecraft:cooked_porkchop":3,"tombstone:gift":4},"minecraft:killed":{"minecraft:pig":1,"iceandfire:ghost":2,"alexsmobs:moose":1},"minecraft:mined":{"minecraft:furnace":2,"minecraft:spruce_log":10,"minecraft:powder_snow":39,"minecraft:crafting_table":5,"minecraft:grass":4,"minecraft:grass_block":1,"minecraft:coal_ore":19,"projectvibrantjourneys:short_grass":2,"minecraft:gravel":4,"minecraft:dirt":12,"minecraft:spruce_leaves":1,"minecraft:stone":26,"minecraft:blue_bed":1,"minecraft:wall_torch":2},"minecraft:custom":{"minecraft:time_since_rest":8788,"minecraft:interact_with_furnace":8,"minecraft:sprint_one_cm":180170,"minecraft:damage_taken":2141,"minecraft:walk_one_cm":66325,"minecraft:trigger_trapped_chest":2,"minecraft:mob_kills":4,"minecraft:damage_dealt":1472,"minecraft:swim_one_cm":28384,"minecraft:fly_one_cm":468194,"minecraft:interact_with_crafting_table":5,"minecraft:open_chest":5,"tombstone:undead_killed":2,"minecraft:crouch_one_cm":1901,"minecraft:play_time":45544,"minecraft:deaths":7,"minecraft:sneak_time":361,"minecraft:walk_under_water_one_cm":2242,"minecraft:jump":1237,"minecraft:leave_game":1,"minecraft:walk_on_water_one_cm":6710,"minecraft:time_since_death":10993,"minecraft:climb_one_cm":1350,"minecraft:total_world_time":45544,"minecraft:fall_one_cm":14464},"minecraft:broken":{"minecraft:wooden_pickaxe":1},"minecraft:killed_by":{"alexsmobs:moose":2,"alexsmobs:tusklin":5},"minecraft:picked_up":{"minecraft:crafting_table":5,"projectvibrantjourneys:fallen_leaves":1,"minecraft:torch":2,"minecraft:gravel":4,"minecraft:porkchop":3,"tombstone:grave_key":1,"minecraft:spruce_log":10,"minecraft:blue_bed":2,"minecraft:dirt":13,"minecraft:rotten_flesh":1,"minecraft:wheat_seeds":1,"minecraft:coal":35,"minecraft:cobblestone":26,"minecraft:furnace":2}},"DataVersion":3465}