{"stats":{"minecraft:killed":{"minecraft:pig":1,"iceandfire:ghost":2,"minecraft:stray":1,"alexsmobs:moose":1},"minecraft:picked_up":{"minecraft:crafting_table":5,"projectvibrantjourneys:fallen_leaves":1,"minecraft:torch":2,"minecraft:bone":2,"minecraft:gravel":4,"minecraft:porkchop":3,"minecraft:arrow":1,"minecraft:string":2,"tombstone:grave_key":1,"minecraft:spruce_log":10,"minecraft:dirt":13,"minecraft:blue_bed":2,"minecraft:rotten_flesh":1,"minecraft:wheat_seeds":1,"minecraft:coal":35,"minecraft:cobblestone":26,"minecraft:furnace":2},"minecraft:broken":{"minecraft:wooden_pickaxe":1},"minecraft:mined":{"minecraft:furnace":2,"minecraft:spruce_log":10,"minecraft:powder_snow":39,"minecraft:crafting_table":5,"minecraft:grass":4,"minecraft:grass_block":1,"minecraft:coal_ore":19,"projectvibrantjourneys:short_grass":3,"minecraft:gravel":4,"minecraft:dirt":12,"minecraft:spruce_leaves":1,"minecraft:stone":26,"minecraft:blue_bed":1,"minecraft:wall_torch":2},"minecraft:used":{"minecraft:wooden_axe":12,"minecraft:stone_sword":22,"minecraft:string":1,"minecraft:stone_pickaxe":8,"minecraft:bread":4,"minecraft:spruce_planks":3,"minecraft:wooden_pickaxe":59,"minecraft:torch":2,"minecraft:gravel":4,"minecraft:rotten_flesh":1,"minecraft:stone_axe":14,"minecraft:dirt":4,"minecraft:crafting_table":5,"minecraft:furnace":3,"minecraft:cooked_porkchop":3,"tombstone:gift":4},"minecraft:crafted":{"minecraft:cooked_porkchop":3,"minecraft:crafting_table":1,"minecraft:spruce_planks":40,"minecraft:stick":12,"minecraft:wooden_pickaxe":1,"minecraft:stone_pickaxe":1,"minecraft:wooden_axe":1,"minecraft:stone_sword":1,"alexsmobs:cooked_moose_ribs":3,"minecraft:furnace":2,"minecraft:torch":8,"minecraft:stone_axe":1,"minecraft:air":0},"minecraft:custom":{"minecraft:time_since_rest":237,"minecraft:interact_with_furnace":8,"minecraft:sprint_one_cm":213221,"minecraft:damage_taken":2742,"minecraft:walk_one_cm":70235,"minecraft:trigger_trapped_chest":2,"minecraft:mob_kills":5,"minecraft:damage_dealt":1672,"minecraft:interact_with_crafting_table":5,"minecraft:swim_one_cm":37361,"minecraft:fly_one_cm":569343,"minecraft:open_chest":5,"minecraft:crouch_one_cm":1901,"minecraft:play_time":50154,"tombstone:undead_killed":3,"minecraft:deaths":9,"minecraft:sneak_time":361,"minecraft:walk_under_water_one_cm":2551,"minecraft:jump":1494,"minecraft:leave_game":2,"minecraft:time_since_death":0,"minecraft:walk_on_water_one_cm":7944,"minecraft:total_world_time":50154,"minecraft:climb_one_cm":1350,"minecraft:fall_one_cm":19185},"minecraft:killed_by":{"alexsmobs:moose":2,"alexsmobs:tusklin":6,"minecraft:skeleton":1}},"DataVersion":3465}