{"stats":{"minecraft:custom":{"minecraft:interact_with_furnace":8,"minecraft:mob_kills":6,"minecraft:interact_with_crafting_table":5,"minecraft:open_barrel":2,"minecraft:leave_game":5,"minecraft:time_since_death":10178,"minecraft:climb_one_cm":1350,"minecraft:time_since_rest":9852,"minecraft:sprint_one_cm":240789,"minecraft:damage_taken":2810,"minecraft:walk_one_cm":87965,"minecraft:trigger_trapped_chest":2,"minecraft:drop":3,"minecraft:damage_dealt":1912,"minecraft:swim_one_cm":40594,"minecraft:fly_one_cm":662382,"minecraft:open_chest":5,"minecraft:crouch_one_cm":9566,"minecraft:play_time":61263,"tombstone:undead_killed":3,"minecraft:deaths":9,"minecraft:sneak_time":2425,"minecraft:walk_under_water_one_cm":2588,"minecraft:interact_with_lectern":2,"minecraft:jump":1821,"minecraft:walk_on_water_one_cm":9036,"minecraft:total_world_time":61263,"minecraft:fall_one_cm":26049},"minecraft:killed":{"minecraft:pig":1,"iceandfire:ghost":2,"minecraft:stray":1,"alexsmobs:moose":1,"minecraft:cow":1},"minecraft:dropped":{"minecraft:bread":2,"biomesoplenty:fir_sapling":1},"minecraft:used":{"minecraft:stone_sword":27,"minecraft:stone_pickaxe":26,"minecraft:spruce_planks":3,"minecraft:wooden_pickaxe":59,"minecraft:rotten_flesh":1,"minecraft:torch":4,"minecraft:dark_oak_trapdoor":1,"minecraft:dirt":13,"minecraft:crafting_table":5,"minecraft:wooden_axe":12,"minecraft:bread":6,"minecraft:string":1,"minecraft:gravel":4,"alexsmobs:cooked_moose_ribs":1,"minecraft:stone_axe":24,"minecraft:cobblestone":14,"minecraft:furnace":3,"minecraft:cooked_porkchop":3,"tombstone:gift":4},"minecraft:picked_up":{"minecraft:crafting_table":5,"projectvibrantjourneys:fallen_leaves":1,"minecraft:leather":1,"biomesoplenty:fir_sapling":1,"tombstone:grave_key":1,"minecraft:dark_oak_trapdoor":1,"minecraft:string":2,"minecraft:blue_bed":2,"minecraft:dirt":13,"minecraft:bone":2,"minecraft:wheat_seeds":1,"minecraft:beef":2,"minecraft:furnace":2,"minecraft:book":18,"minecraft:torch":3,"minecraft:spruce_stairs":3,"minecraft:gravel":4,"minecraft:porkchop":3,"minecraft:spruce_log":10,"minecraft:arrow":1,"minecraft:rotten_flesh":1,"minecraft:coal":36,"minecraft:cobblestone":38},"minecraft:killed_by":{"minecraft:skeleton":1,"alexsmobs:moose":2,"alexsmobs:tusklin":6},"minecraft:crafted":{"minecraft:cooked_porkchop":3,"minecraft:crafting_table":1,"minecraft:spruce_planks":40,"minecraft:wooden_pickaxe":1,"alexsmobs:cooked_moose_ribs":3,"minecraft:furnace":2,"minecraft:stone_axe":1,"minecraft:air":0,"minecraft:stick":12,"minecraft:stone_pickaxe":1,"minecraft:wooden_axe":1,"minecraft:stone_sword":1,"minecraft:torch":8},"minecraft:mined":{"minecraft:powder_snow":39,"minecraft:crafting_table":5,"minecraft:torch":1,"minecraft:grass_block":1,"minecraft:spruce_leaves":1,"minecraft:blue_bed":1,"minecraft:wall_torch":3,"minecraft:spruce_stairs":3,"minecraft:furnace":2,"minecraft:dark_oak_trapdoor":1,"minecraft:spruce_log":10,"minecraft:grass":4,"minecraft:bookshelf":6,"projectvibrantjourneys:short_grass":3,"minecraft:coal_ore":20,"biomesoplenty:fir_leaves":22,"minecraft:gravel":4,"minecraft:dirt":12,"minecraft:cracked_stone_bricks":2,"minecraft:stone":41},"minecraft:broken":{"minecraft:wooden_pickaxe":1}},"DataVersion":3465}