{"stats":{"minecraft:killed":{"creeperoverhaul:snowy_creeper":1,"minecraft:zombie":5},"minecraft:picked_up":{"minecraft:leather_chestplate":1,"minecraft:cooked_porkchop":2,"tombstone:grave_key":1,"tombstone:grave_dust":1,"minecraft:dirt":12,"iceandfire:dragon_skull_ice":1,"minecraft:rotten_flesh":4,"projectvibrantjourneys:orange_bark_mushroom":1},"minecraft:used":{"minecraft:rotten_flesh":1,"minecraft:dirt":8,"minecraft:cooked_porkchop":2,"alexsmobs:animal_dictionary":1,"tombstone:gift":4},"minecraft:mined":{"minecraft:powder_snow":4,"minecraft:grass":4,"minecraft:grass_block":4,"projectvibrantjourneys:short_grass":2,"minecraft:dirt":3,"minecraft:tall_grass":6,"minecraft:spruce_leaves":1,"minecraft:oak_leaves":3},"minecraft:dropped":{"tombstone:grave_key":3},"minecraft:custom":{"minecraft:time_since_rest":2317,"minecraft:waystone_activated":1,"minecraft:sprint_one_cm":140651,"minecraft:damage_taken":2878,"minecraft:walk_one_cm":129983,"minecraft:mob_kills":6,"minecraft:drop":3,"minecraft:damage_dealt":903,"minecraft:swim_one_cm":22669,"minecraft:player_kills":1,"minecraft:fly_one_cm":259057,"minecraft:open_chest":2,"minecraft:crouch_one_cm":2392,"minecraft:play_time":66657,"tombstone:undead_killed":5,"minecraft:deaths":10,"minecraft:sneak_time":593,"minecraft:walk_under_water_one_cm":6299,"minecraft:jump":979,"minecraft:leave_game":2,"minecraft:walk_on_water_one_cm":8564,"minecraft:time_since_death":2587,"minecraft:total_world_time":66657,"minecraft:fall_one_cm":17663},"minecraft:killed_by":{"alexsmobs:froststalker":2,"minecraft:player":1,"alexsmobs:tusklin":1,"iceandfire:sea_serpent":1,"minecraft:skeleton":2,"minecraft:zombie":3}},"DataVersion":3465}