{"stats":{"minecraft:used":{"minecraft:rotten_flesh":1,"minecraft:dirt":8,"minecraft:cooked_porkchop":2,"tombstone:gift":4,"alexsmobs:animal_dictionary":1},"minecraft:mined":{"minecraft:powder_snow":4,"minecraft:grass":4,"minecraft:grass_block":4,"projectvibrantjourneys:short_grass":1,"minecraft:dirt":3,"minecraft:tall_grass":6,"minecraft:spruce_leaves":1,"minecraft:oak_leaves":3},"minecraft:killed":{"creeperoverhaul:snowy_creeper":1,"minecraft:zombie":2},"minecraft:dropped":{"tombstone:grave_key":3},"minecraft:custom":{"minecraft:time_since_rest":866,"minecraft:waystone_activated":1,"minecraft:sprint_one_cm":115876,"minecraft:damage_taken":2513,"minecraft:walk_one_cm":106250,"minecraft:mob_kills":3,"minecraft:drop":3,"minecraft:damage_dealt":633,"minecraft:swim_one_cm":15868,"minecraft:fly_one_cm":219380,"minecraft:open_chest":2,"minecraft:crouch_one_cm":2351,"minecraft:play_time":61502,"tombstone:undead_killed":2,"minecraft:deaths":9,"minecraft:sneak_time":584,"minecraft:walk_under_water_one_cm":6220,"minecraft:jump":804,"minecraft:time_since_death":2258,"minecraft:leave_game":2,"minecraft:walk_on_water_one_cm":7899,"minecraft:total_world_time":61502,"minecraft:fall_one_cm":11060},"minecraft:killed_by":{"alexsmobs:froststalker":2,"minecraft:player":1,"alexsmobs:tusklin":1,"iceandfire:sea_serpent":1,"minecraft:skeleton":2,"minecraft:zombie":2},"minecraft:picked_up":{"minecraft:leather_chestplate":1,"minecraft:cooked_porkchop":2,"tombstone:grave_key":1,"tombstone:grave_dust":1,"minecraft:dirt":12,"iceandfire:dragon_skull_ice":1,"minecraft:rotten_flesh":2,"projectvibrantjourneys:orange_bark_mushroom":1}},"DataVersion":3465}