{"stats":{"minecraft:custom":{"minecraft:time_since_rest":4092,"minecraft:waystone_activated":2,"minecraft:sprint_one_cm":168545,"minecraft:damage_taken":3458,"minecraft:walk_one_cm":207080,"minecraft:mob_kills":8,"minecraft:drop":4,"minecraft:damage_dealt":1073,"minecraft:swim_one_cm":22669,"minecraft:interact_with_crafting_table":1,"minecraft:fly_one_cm":288286,"minecraft:player_kills":1,"minecraft:open_barrel":1,"minecraft:open_chest":2,"minecraft:crouch_one_cm":6578,"minecraft:play_time":78433,"tombstone:undead_killed":5,"minecraft:deaths":12,"minecraft:sneak_time":1567,"minecraft:walk_under_water_one_cm":6299,"minecraft:jump":1154,"minecraft:leave_game":3,"minecraft:walk_on_water_one_cm":8564,"minecraft:time_since_death":4698,"minecraft:total_world_time":78433,"minecraft:fall_one_cm":19604},"minecraft:killed":{"creeperoverhaul:snowy_creeper":1,"minecraft:zombie":5,"minecraft:pig":2},"minecraft:dropped":{"minecraft:spruce_planks":1,"tombstone:grave_key":3},"minecraft:used":{"minecraft:cracked_stone_bricks":1,"minecraft:stick":1,"minecraft:rotten_flesh":3,"minecraft:dirt":8,"minecraft:porkchop":1,"minecraft:cooked_porkchop":2,"tombstone:gift":4,"alexsmobs:animal_dictionary":1},"minecraft:picked_up":{"minecraft:stick":1,"minecraft:leather_chestplate":1,"minecraft:cooked_porkchop":2,"minecraft:porkchop":1,"minecraft:oak_log":2,"tombstone:grave_key":1,"tombstone:grave_dust":1,"minecraft:spruce_log":5,"minecraft:dirt":15,"iceandfire:dragon_skull_ice":1,"minecraft:rotten_flesh":6,"minecraft:cracked_stone_bricks":2,"projectvibrantjourneys:orange_bark_mushroom":1},"minecraft:crafted":{"minecraft:oak_planks":8,"minecraft:spruce_planks":20},"minecraft:killed_by":{"alexsmobs:froststalker":2,"minecraft:husk":1,"minecraft:player":1,"alexsmobs:tusklin":1,"iceandfire:sea_serpent":1,"minecraft:skeleton":2,"minecraft:zombie":3},"minecraft:mined":{"minecraft:spruce_log":6,"minecraft:powder_snow":46,"minecraft:grass":15,"projectvibrantjourneys:twigs":1,"mysticaloaktree:wise_oak":1,"minecraft:grass_block":4,"minecraft:oak_log":1,"projectvibrantjourneys:short_grass":2,"projectvibrantjourneys:pinecones":1,"minecraft:dirt":6,"minecraft:tall_grass":6,"minecraft:spruce_leaves":1,"minecraft:oak_leaves":3,"minecraft:fern":4}},"DataVersion":3465}